Group hierarchy,Region,Description,Service,Upfront,Monthly,First 12 months total,Currency,Configuration summary
My Estimate,US East (Ohio),,Amazon Virtual Private Cloud (VPC),0,108.9,1306.80,USD,Number of NAT Gateways (2)
My Estimate,US East (Ohio),,Application Load Balancer,0,71.78999999999999,861.48,USD,Number of Application Load Balancers (2)
"My Estimate,US East (Ohio),,Amazon EC2,0,6753.280000000001,81039.36,USD,""Operating system (Linux), Quantity (2), Pricing strategy (On-Demand Instances  ), Storage amount (128 GB), Instance type (m5.metal)"""
"My Estimate,US East (Ohio),,Amazon EC2,0,6733.68,80804.16,USD,""Operating system (Linux), Quantity (2), Pricing strategy (On-Demand Instances  ), Storage amount (30 GB), Instance type (m5.metal)"""
"My Estimate,US East (Ohio),,Amazon RDS for MySQL,0,4355.4,52264.80,USD,""Storage for each RDS instance (General Purpose SSD (gp2)), Storage amount (20 TB), Quantity (1), Instance type (db.m5.8xlarge), Deployment option (Single-AZ), Pricing strategy (OnDemand)"""
My Estimate,US East (Ohio),,S3 Standard,0,2.76,33.12,USD,S3 Standard storage (120 GB per month)
"My Estimate,US East (Ohio),,Data Transfer,0,0,0.00,USD,""DT Inbound: Not selected (0 TB per month), DT Outbound: Not selected (0 TB per month)"""
My Estimate,US East (Ohio),,Amazon Route 53,0,1,12.00,USD,Hosted Zones (2)



Acknowledgement
* AWS Pricing Calculator provides only an estimate of your AWS fees and doesn't include any taxes that might apply. Your actual fees depend on a variety of factors, including your actual usage of AWS services.


Reason: Increased EC2 server sizes.
